데이터프레임,train_test_split(Y/R),t-test(Y/N),변수선택법,VIF(Y/N),sampling 방식,적용모델,선택된 변수,혼동행렬,Accuracy,Precision,Recall,F1-score,hyperparameter 변경
small_business_df,R,t_Y,Lasso,v_Y,RUSE,rf,"['자기자본증가율', '종업원1인당 인건비증가율', '총자본순이익률', '자기자본순이익률', '경영자본순이익률', '수지비율', '사내유보 대 자기자본비율', '적립금비율(재정비율)', 'EPS(Earning Per Share)(원)', '비유동비율', '비유동부채 대 순운전자본비율', '순운전자본비율', '차입금비율', '이자보상배율(이자비용)', '이자보상배율(순금융비용)', '유보액대비율', '종업원1인당 부가가치(백만원)', '종업원1인당 순이익(백만원)', '금융비용(백만원)', '종업원수', 'EBITDA(백만원)', '영업외손익률', '단기차입금 대 총차입금비율']","[[1748  404]
 [   3   32]]",0.8140000000000001,0.073,0.914,0.136,none
small_business_df,R,t_Y,Lasso,v_N,RUSE,lg,"['자기자본증가율', '종업원1인당 인건비증가율', '총자본순이익률', '자기자본순이익률', '자본금영업이익률', '자본금순이익률', '경영자본순이익률', '수지비율', '사내유보 대 자기자본비율', '적립금비율(재정비율)', 'EPS(Earning Per Share)(원)', '유보율', '비유동비율', '비유동부채 대 순운전자본비율', '순운전자본비율', '차입금비율', '이자보상배율(이자비용)', '이자보상배율(순금융비용)', '유보액대비율', '부가가치(백만원)', '종업원1인당 부가가치(백만원)', '종업원1인당 순이익(백만원)', '부가가치(백만원).1', '법인세비용차감전(계속사업)손익(백만원)', '인건비(백만원)', '금융비용(백만원)', '감가상각비(백만원)', '종업원수', 'EBITDA(백만원)', '영업외손익률', '단기차입금 대 총차입금비율']","[[1760  392]
 [   4   31]]",0.8190000000000001,0.073,0.8859999999999999,0.135,none
small_business_df,R,t_Y,Lasso,v_N,ROSE,lg,"['자기자본증가율', '종업원1인당 인건비증가율', '총자본순이익률', '자기자본순이익률', '자본금영업이익률', '자본금순이익률', '경영자본순이익률', '수지비율', '사내유보 대 자기자본비율', '적립금비율(재정비율)', 'EPS(Earning Per Share)(원)', '유보율', '비유동비율', '비유동부채 대 순운전자본비율', '순운전자본비율', '차입금비율', '이자보상배율(이자비용)', '이자보상배율(순금융비용)', '유보액대비율', '부가가치(백만원)', '종업원1인당 부가가치(백만원)', '종업원1인당 순이익(백만원)', '부가가치(백만원).1', '법인세비용차감전(계속사업)손익(백만원)', '인건비(백만원)', '금융비용(백만원)', '감가상각비(백만원)', '종업원수', 'EBITDA(백만원)', '영업외손익률', '단기차입금 대 총차입금비율']","[[1783  369]
 [   4   31]]",0.8290000000000001,0.078,0.8859999999999999,0.14300000000000002,none
small_business_df,R,t_Y,Lasso,v_N,SMOTE,lg,"['자기자본증가율', '종업원1인당 인건비증가율', '총자본순이익률', '자기자본순이익률', '자본금영업이익률', '자본금순이익률', '경영자본순이익률', '수지비율', '사내유보 대 자기자본비율', '적립금비율(재정비율)', 'EPS(Earning Per Share)(원)', '유보율', '비유동비율', '비유동부채 대 순운전자본비율', '순운전자본비율', '차입금비율', '이자보상배율(이자비용)', '이자보상배율(순금융비용)', '유보액대비율', '부가가치(백만원)', '종업원1인당 부가가치(백만원)', '종업원1인당 순이익(백만원)', '부가가치(백만원).1', '법인세비용차감전(계속사업)손익(백만원)', '인건비(백만원)', '금융비용(백만원)', '감가상각비(백만원)', '종업원수', 'EBITDA(백만원)', '영업외손익률', '단기차입금 대 총차입금비율']","[[1786  366]
 [   3   32]]",0.831,0.08,0.914,0.14800000000000002,none
diff_df,R,t_Y,forward,v_N,RUSE,rf,"['growth_rate_자기자본순이익률', 'growth_rate_유보액대비율', 'growth_rate_CASH FLOW 대 차입금비율', 'growth_rate_종업원1인당 매출액(백만원)', 'growth_rate_CASH FLOW 대 총자본비율', 'growth_rate_수지비율', 'growth_rate_EBITDA/매출액(%)', 'growth_rate_순운전자본회전률', 'growth_rate_EBITDA(백만원)', 'growth_rate_부채비율']","[[2288  569]
 [   3   27]]",0.802,0.045,0.9,0.086,none
small_business_df,R,t_Y,forward,v_N,RUSE,lg,"['총자본사업이익률', '자기자본구성비율', '종업원수', '단기차입금 대 총차입금비율', 'CASH FLOW 대 부채비율', 'EBITDA(백만원)', '재고자산 대 유동자산비율', '인건비(백만원)', '자기자본증가율', '타인자본구성비율', '총자본순이익률', '기업순이익률']","[[1819  333]
 [   4   31]]",0.846,0.085,0.8859999999999999,0.155,none
small_business_df,R,t_Y,forward,v_N,ROSE,lg,"['총자본사업이익률', '자기자본구성비율', '종업원수', '단기차입금 대 총차입금비율', 'CASH FLOW 대 부채비율', 'EBITDA(백만원)', '재고자산 대 유동자산비율', '인건비(백만원)', '자기자본증가율', '타인자본구성비율', '총자본순이익률', '기업순이익률']","[[1778  374]
 [   3   32]]",0.828,0.079,0.914,0.145,none
small_business_df,R,t_Y,forward,v_N,SMOTE,lg,"['총자본사업이익률', '자기자본구성비율', '종업원수', '단기차입금 대 총차입금비율', 'CASH FLOW 대 부채비율', 'EBITDA(백만원)', '재고자산 대 유동자산비율', '인건비(백만원)', '자기자본증가율', '타인자본구성비율', '총자본순이익률', '기업순이익률']","[[1802  350]
 [   4   31]]",0.838,0.081,0.8859999999999999,0.149,none
small_business_df,R,t_Y,stepwise,v_N,RUSE,rf,"['자기자본구성비율', '종업원수', '단기차입금 대 총차입금비율', 'CASH FLOW 대 부채비율', 'EBITDA(백만원)', '재고자산 대 유동자산비율', '인건비(백만원)', '자기자본증가율', '타인자본구성비율', '총자본순이익률', '기업순이익률']","[[1726  426]
 [   3   32]]",0.804,0.07,0.914,0.13,none
small_business_df,R,t_Y,stepwise,v_N,ROSE,lg,"['자기자본구성비율', '종업원수', '단기차입금 대 총차입금비율', 'CASH FLOW 대 부채비율', 'EBITDA(백만원)', '재고자산 대 유동자산비율', '인건비(백만원)', '자기자본증가율', '타인자본구성비율', '총자본순이익률', '기업순이익률']","[[1774  378]
 [   4   31]]",0.825,0.076,0.8859999999999999,0.14,none
small_business_df,R,t_Y,stepwise,v_N,SMOTE,lg,"['자기자본구성비율', '종업원수', '단기차입금 대 총차입금비율', 'CASH FLOW 대 부채비율', 'EBITDA(백만원)', '재고자산 대 유동자산비율', '인건비(백만원)', '자기자본증가율', '타인자본구성비율', '총자본순이익률', '기업순이익률']","[[1782  370]
 [   4   31]]",0.8290000000000001,0.077,0.8859999999999999,0.142,none
small_business_df,R,t_Y,stepwise,v_Y,ROSE,sgd,"['자기자본구성비율', '종업원수', '단기차입금 대 총차입금비율', 'CASH FLOW 대 부채비율', 'EBITDA(백만원)', '재고자산 대 유동자산비율', '인건비(백만원)', '자기자본증가율', '타인자본구성비율']","[[1756  396]
 [   4   31]]",0.8170000000000001,0.073,0.8859999999999999,0.134,none
small_business_df,R,t_Y,None,v_N,RUSE,rf,"['자기자본증가율', '종업원1인당 인건비증가율', '총자본사업이익률', '총자본영업이익률', '총자본순이익률', '자기자본영업이익률', '자기자본순이익률', '자본금영업이익률', '자본금순이익률', '기업순이익률', '경영자본순이익률', '외환이익 대 매출액비율', '수지비율', '감가상각률', '사내유보 대 자기자본비율', '적립금비율(재정비율)', 'EPS(Earning Per Share)(원)', '유보율', '자기자본구성비율', '타인자본구성비율', '자기자본배율', '비유동비율', '비유동장기적합률', '부채비율', '유동부채비율', '비유동부채비율', '비유동부채 대 순운전자본비율', '순운전자본비율', '차입금의존도', '차입금비율', '이자보상배율(순금융비용)', '유보액대비율', '유보액 대 납입자본배율', 'CASH FLOW 대 부채비율', 'CASH FLOW 대 총자본비율', '타인자본회전률', '유동자산회전률', '당좌자산회전률', '순운전자본회전률', '부가가치(백만원)', '종업원1인당 부가가치(백만원)', '종업원1인당 순이익(백만원)', '종업원1인당 인건비(백만원)', '총자본투자효율', '부가가치(백만원).1', '법인세비용차감전(계속사업)손익(백만원)', '인건비(백만원)', '금융비용(백만원)', '감가상각비(백만원)', '종업원1인당 부가가치(백만원).1', '총자본투자효율.1', '종업원수', 'PBR(Price book-value ratio)(최고)', 'EBITDA(백만원)', '매출액총이익률', '경영자본영업이익률', '매출원가 대 매출액비율', '영업외손익률', '재고자산 대 유동자산비율', '단기차입금 대 총차입금비율', '총자본회전률', '경영자본회전률']","[[1738  414]
 [   4   31]]",0.809,0.07,0.8859999999999999,0.129,none
small_business_df,R,t_Y,None,v_N,SMOTE,lg,"['자기자본증가율', '종업원1인당 인건비증가율', '총자본사업이익률', '총자본영업이익률', '총자본순이익률', '자기자본영업이익률', '자기자본순이익률', '자본금영업이익률', '자본금순이익률', '기업순이익률', '경영자본순이익률', '외환이익 대 매출액비율', '수지비율', '감가상각률', '사내유보 대 자기자본비율', '적립금비율(재정비율)', 'EPS(Earning Per Share)(원)', '유보율', '자기자본구성비율', '타인자본구성비율', '자기자본배율', '비유동비율', '비유동장기적합률', '부채비율', '유동부채비율', '비유동부채비율', '비유동부채 대 순운전자본비율', '순운전자본비율', '차입금의존도', '차입금비율', '이자보상배율(순금융비용)', '유보액대비율', '유보액 대 납입자본배율', 'CASH FLOW 대 부채비율', 'CASH FLOW 대 총자본비율', '타인자본회전률', '유동자산회전률', '당좌자산회전률', '순운전자본회전률', '부가가치(백만원)', '종업원1인당 부가가치(백만원)', '종업원1인당 순이익(백만원)', '종업원1인당 인건비(백만원)', '총자본투자효율', '부가가치(백만원).1', '법인세비용차감전(계속사업)손익(백만원)', '인건비(백만원)', '금융비용(백만원)', '감가상각비(백만원)', '종업원1인당 부가가치(백만원).1', '총자본투자효율.1', '종업원수', 'PBR(Price book-value ratio)(최고)', 'EBITDA(백만원)', '매출액총이익률', '경영자본영업이익률', '매출원가 대 매출액비율', '영업외손익률', '재고자산 대 유동자산비율', '단기차입금 대 총차입금비율', '총자본회전률', '경영자본회전률']","[[1759  393]
 [   4   31]]",0.818,0.073,0.8859999999999999,0.135,none
small_business_df,R,t_Y,None,v_Y,RUSE,rf,"['자기자본증가율', '종업원1인당 인건비증가율', '자기자본순이익률', '경영자본순이익률', '외환이익 대 매출액비율', '수지비율', '감가상각률', '사내유보 대 자기자본비율', '적립금비율(재정비율)', 'EPS(Earning Per Share)(원)', '비유동부채 대 순운전자본비율', '순운전자본비율', '이자보상배율(순금융비용)', 'CASH FLOW 대 부채비율', 'CASH FLOW 대 총자본비율', '타인자본회전률', '종업원1인당 순이익(백만원)', '종업원1인당 인건비(백만원)', '금융비용(백만원)', '종업원수', 'PBR(Price book-value ratio)(최고)', 'EBITDA(백만원)', '매출액총이익률', '경영자본영업이익률', '영업외손익률', '재고자산 대 유동자산비율', '단기차입금 대 총차입금비율']","[[1743  409]
 [   4   31]]",0.8109999999999999,0.07,0.8859999999999999,0.131,none
small_business_df,R,t_Y,None,v_Y,ROSE,lg,"['자기자본증가율', '종업원1인당 인건비증가율', '자기자본순이익률', '경영자본순이익률', '외환이익 대 매출액비율', '수지비율', '감가상각률', '사내유보 대 자기자본비율', '적립금비율(재정비율)', 'EPS(Earning Per Share)(원)', '비유동부채 대 순운전자본비율', '순운전자본비율', '이자보상배율(순금융비용)', 'CASH FLOW 대 부채비율', 'CASH FLOW 대 총자본비율', '타인자본회전률', '종업원1인당 순이익(백만원)', '종업원1인당 인건비(백만원)', '금융비용(백만원)', '종업원수', 'PBR(Price book-value ratio)(최고)', 'EBITDA(백만원)', '매출액총이익률', '경영자본영업이익률', '영업외손익률', '재고자산 대 유동자산비율', '단기차입금 대 총차입금비율']","[[1719  433]
 [   4   31]]",0.8,0.067,0.8859999999999999,0.124,none
